"NUMERO","CHIP"
1,6900001
2,6900002
3,6900003
4,6900004
5,6900005
6,6900006
7,6900007
8,6900008
9,6900009
10,6900010
11,6900011
12,6900012
13,6900013
14,6900014
15,6900015
16,6900016
17,6900017
18,6900018
19,6900019
20,6900020
21,6900021
22,6900022
23,6900023
24,6900024
25,6900025
26,6900026
27,6900027
28,6900028
29,6900029
30,6900030
31,6900031
32,6900032
33,6900033
34,6900034
35,6900035
36,6900036
37,6900037
38,6900038
39,6900039
40,6900040
41,6900041
42,6900042
43,6900043
44,6900044
45,6900045
46,6900046
47,6900047
48,6900048
49,6900049
50,6900050
51,6900051
52,6900052
53,6900053
54,6900054
55,6900055
56,6900056
57,6900057
58,6900058
59,6900059
60,6900060
61,6900061
62,6900062
63,6900063
64,6900064
65,6900065
66,6900066
67,6900067
68,6900068
69,6900069
70,6900070
71,6900071
72,6900072
73,6900073
74,6900074
75,6900075
76,6900076
77,6900077
78,6900078
79,6900079
80,6900080
81,6900081
82,6900082
83,6900083
84,6900084
85,6900085
86,6900086
87,6900087
88,6900088
89,6900089
90,6900090
91,6900091
92,6900092
93,6900093
94,6900094
95,6900095
96,6900096
97,6900097
98,6900098
99,6900099
100,6900100
101,6900101
102,6900102
103,6900103
104,6900104
105,6900105
106,6900106
107,6900107
108,6900108
109,6900109
110,6900110
111,6900111
112,6900112
113,6900113
114,6900114
115,6900115
116,6900116
117,6900117
118,6900118
119,6900119
120,6900120
121,6900121
122,6900122
123,6900123
124,6900124
125,6900125
126,6900126
127,6900127
128,6900128
129,6900129
130,6900130
131,6900131
132,6900132
133,6900133
134,6900134
135,6900135
136,6900136
137,6900137
138,6900138
139,6900139
140,6900140
141,6900141
142,6900142
143,6900143
144,6900144
145,6900145
146,6900146
147,6900147
148,6900148
149,6900149
150,6900150
151,6900151
152,6900152
153,6900153
154,6900154
155,6900155
156,6900156
157,6900157
158,6900158
159,6900159
160,6900160
161,6900161
162,6900162
163,6900163
164,6900164
165,6900165
166,6900166
167,6900167
168,6900168
169,6900169
170,6900170
171,6900171
172,6900172
173,6900173
174,6900174
175,6900175
176,6900176
177,6900177
178,6900178
179,6900179
180,6900180
181,6900181
182,6900182
183,6900183
184,6900184
185,6900185
186,6900186
187,6900187
188,6900188
189,6900189
190,6900190
191,6900191
192,6900192
193,6900193
194,6900194
195,6900195
196,6900196
197,6900197
198,6900198
199,6900199
200,6900200
201,6900201
202,6900202
203,6900203
204,6900204
205,6900205
206,6900206
207,6900207
208,6900208
209,6900209
210,6900210
211,6900211
212,6900212
213,6900213
214,6900214
215,6900215
216,6900216
217,6900217
218,6900218
219,6900219
220,6900220
221,6900221
222,6900222
223,6900223
224,6900224
225,6900225
226,6900226
227,6900227
228,6900228
229,6900229
230,6900230
231,6900231
232,6900232
233,6900233
234,6900234
235,6900235
236,6900236
237,6900237
238,6900238
239,6900239
240,6900240
241,6900241
242,6900242
243,6900243
244,6900244
245,6900245
246,6900246
247,6900247
248,6900248
249,6900249
250,6900250
251,6900251
252,6900252
253,6900253
254,6900254
255,6900255
256,6900256
257,6900257
258,6900258
259,6900259
260,6900260
261,6900261
262,6900262
263,6900263
264,6900264
265,6900265
266,6900266
267,6900267
268,6900268
269,6900269
270,6900270
271,6900271
272,6900272
273,6900273
274,6900274
275,6900275
276,6900276
277,6900277
278,6900278
279,6900279
280,6900280
281,6900281
282,6900282
283,6900283
284,6900284
285,6900285
286,6900286
287,6900287
288,6900288
289,6900289
290,6900290
291,6900291
292,6900292
293,6900293
294,6900294
295,6900295
296,6900296
297,6900297
298,6900298
299,6900299
300,6900300
301,6900301
302,6900302
303,6900303
304,6900304
305,6900305
306,6900306
307,6900307
308,6900308
309,6900309
310,6900310
311,6900311
312,6900312
313,6900313
314,6900314
315,6900315
316,6900316
317,6900317
318,6900318
319,6900319
320,6900320
321,6900321
322,6900322
323,6900323
324,6900324
325,6900325
326,6900326
327,6900327
328,6900328
329,6900329
330,6900330
331,6900331
332,6900332
333,6900333
334,6900334
335,6900335
336,6900336
337,6900337
338,6900338
339,6900339
340,6900340
341,6900341
342,6900342
343,6900343
344,6900344
345,6900345
346,6900346
347,6900347
348,6900348
349,6900349
350,6900350
351,6900351
352,6900352
353,6900353
354,6900354
355,6900355
356,6900356
357,6900357
358,6900358
359,6900359
360,6900360
361,6900361
362,6900362
363,6900363
364,6900364
365,6900365
366,6900366
367,6900367
368,6900368
369,6900369
370,6900370
371,6900371
372,6900372
373,6900373
374,6900374
375,6900375
376,6900376
377,6900377
378,6900378
379,6900379
380,6900380
381,6900381
382,6900382
383,6900383
384,6900384
385,6900385
386,6900386
387,6900387
388,6900388
389,6900389
390,6900390
391,6900391
392,6900392
393,6900393
394,6900394
395,6900395
396,6900396
397,6900397
398,6900398
399,6900399
400,6900400
401,6900401
402,6900402
403,6900403
404,6900404
405,6900405
406,6900406
407,6900407
408,6900408
409,6900409
410,6900410
411,6900411
412,6900412
413,6900413
414,6900414
415,6900415
416,6900416
417,6900417
418,6900418
419,6900419
420,6900420
421,6900421
422,6900422
423,6900423
424,6900424
425,6900425
426,6900426
427,6900427
428,6900428
429,6900429
430,6900430
431,6900431
432,6900432
433,6900433
434,6900434
435,6900435
436,6900436
437,6900437
438,6900438
439,6900439
440,6900440
441,6900441
442,6900442
443,6900443
444,6900444
445,6900445
446,6900446
447,6900447
448,6900448
449,6900449
450,6900450
451,6900451
452,6900452
453,6900453
454,6900454
455,6900455
456,6900456
457,6900457
458,6900458
459,6900459
460,6900460
461,6900461
462,6900462
463,6900463
464,6900464
465,6900465
466,6900466
467,6900467
468,6900468
469,6900469
470,6900470
471,6900471
472,6900472
473,6900473
474,6900474
475,6900475
476,6900476
477,6900477
478,6900478
479,6900479
480,6900480
481,6900481
482,6900482
483,6900483
484,6900484
485,6900485
486,6900486
487,6900487
488,6900488
489,6900489
490,6900490
491,6900491
492,6900492
493,6900493
494,6900494
495,6900495
496,6900496
497,6900497
498,6900498
499,6900499
500,6900500
501,6900501
502,6900502
503,6900503
504,6900504
505,6900505
506,6900506
507,6900507
508,6900508
509,6900509
510,6900510
511,6900511
512,6900512
513,6900513
514,6900514
515,6900515
516,6900516
517,6900517
518,6900518
519,6900519
520,6900520
521,6900521
522,6900522
523,6900523
524,6900524
525,6900525
526,6900526
527,6900527
528,6900528
529,6900529
530,6900530
531,6900531
532,6900532
533,6900533
534,6900534
535,6900535
536,6900536
537,6900537
538,6900538
539,6900539
540,6900540
541,6900541
542,6900542
543,6900543
544,6900544
545,6900545
546,6900546
547,6900547
548,6900548
549,6900549
550,6900550
551,6900551
552,6900552
553,6900553
554,6900554
555,6900555
556,6900556
557,6900557
558,6900558
559,6900559
560,6900560
561,6900561
562,6900562
563,6900563
564,6900564
565,6900565
566,6900566
567,6900567
568,6900568
569,6900569
570,6900570
571,6900571
572,6900572
573,6900573
574,6900574
575,6900575
576,6900576
577,6900577
578,6900578
579,6900579
580,6900580
581,6900581
582,6900582
583,6900583
584,6900584
585,6900585
586,6900586
587,6900587
588,6900588
589,6900589
590,6900590
591,6900591
592,6900592
593,6900593
594,6900594
595,6900595
596,6900596
597,6900597
598,6900598
599,6900599
600,6900600
601,6900601
602,6900602
603,6900603
604,6900604
605,6900605
606,6900606
607,6900607
608,6900608
609,6900609
610,6900610
611,6900611
612,6900612
613,6900613
614,6900614
615,6900615
616,6900616
617,6900617
618,6900618
619,6900619
620,6900620
621,6900621
622,6900622
623,6900623
624,6900624
625,6900625
626,6900626
627,6900627
628,6900628
629,6900629
630,6900630
631,6900631
632,6900632
633,6900633
634,6900634
635,6900635
636,6900636
637,6900637
638,6900638
639,6900639
640,6900640
641,6900641
642,6900642
643,6900643
644,6900644
645,6900645
646,6900646
647,6900647
648,6900648
649,6900649
650,6900650
651,6900651
652,6900652
653,6900653
654,6900654
655,6900655
656,6900656
657,6900657
658,6900658
659,6900659
660,6900660
661,6900661
662,6900662
663,6900663
664,6900664
665,6900665
666,6900666
667,6900667
668,6900668
669,6900669
670,6900670
671,6900671
672,6900672
673,6900673
674,6900674
675,6900675
676,6900676
677,6900677
678,6900678
679,6900679
680,6900680
681,6900681
682,6900682
683,6900683
684,6900684
685,6900685
686,6900686
687,6900687
688,6900688
689,6900689
690,6900690
691,6900691
692,6900692
693,6900693
694,6900694
695,6900695
696,6900696
697,6900697
698,6900698
699,6900699
700,6900700
701,6900701
702,6900702
703,6900703
704,6900704
705,6900705
706,6900706
707,6900707
708,6900708
709,6900709
710,6900710
711,6900711
712,6900712
713,6900713
714,6900714
715,6900715
716,6900716
717,6900717
718,6900718
719,6900719
720,6900720
721,6900721
722,6900722
723,6900723
724,6900724
725,6900725
726,6900726
727,6900727
728,6900728
729,6900729
730,6900730
731,6900731
732,6900732
733,6900733
734,6900734
735,6900735
736,6900736
737,6900737
738,6900738
739,6900739
740,6900740
741,6900741
742,6900742
743,6900743
744,6900744
745,6900745
746,6900746
747,6900747
748,6900748
749,6900749
750,6900750
751,6900751
752,6900752
753,6900753
754,6900754
755,6900755
756,6900756
757,6900757
758,6900758
759,6900759
760,6900760
761,6900761
762,6900762
763,6900763
764,6900764
765,6900765
766,6900766
767,6900767
768,6900768
769,6900769
770,6900770
771,6900771
772,6900772
773,6900773
774,6900774
775,6900775
776,6900776
777,6900777
778,6900778
779,6900779
780,6900780
781,6900781
782,6900782
783,6900783
784,6900784
785,6900785
786,6900786
787,6900787
788,6900788
789,6900789
790,6900790
791,6900791
792,6900792
793,6900793
794,6900794
795,6900795
796,6900796
797,6900797
798,6900798
799,6900799
800,6900800
801,6900801
802,6900802
803,6900803
804,6900804
805,6900805
806,6900806
807,6900807
808,6900808
809,6900809
810,6900810
811,6900811
812,6900812
813,6900813
814,6900814
815,6900815
816,6900816
817,6900817
818,6900818
819,6900819
820,6900820
821,6900821
822,6900822
823,6900823
824,6900824
825,6900825
826,6900826
827,6900827
828,6900828
829,6900829
830,6900830
831,6900831
832,6900832
833,6900833
834,6900834
835,6900835
836,6900836
837,6900837
838,6900838
839,6900839
840,6900840
841,6900841
842,6900842
843,6900843
844,6900844
845,6900845
846,6900846
847,6900847
848,6900848
849,6900849
850,6900850
851,6900851
852,6900852
853,6900853
854,6900854
855,6900855
856,6900856
857,6900857
858,6900858
859,6900859
860,6900860
861,6900861
862,6900862
863,6900863
864,6900864
865,6900865
866,6900866
867,6900867
868,6900868
869,6900869
870,6900870
871,6900871
872,6900872
873,6900873
874,6900874
875,6900875
876,6900876
877,6900877
878,6900878
879,6900879
880,6900880
881,6900881
882,6900882
883,6900883
884,6900884
885,6900885
886,6900886
887,6900887
888,6900888
889,6900889
890,6900890
891,6900891
892,6900892
893,6900893
894,6900894
895,6900895
896,6900896
897,6900897
898,6900898
899,6900899
900,6900900
901,6900901
902,6900902
903,6900903
904,6900904
905,6900905
906,6900906
907,6900907
908,6900908
909,6900909
910,6900910
911,6900911
912,6900912
913,6900913
914,6900914
915,6900915
916,6900916
917,6900917
918,6900918
919,6900919
920,6900920
921,6900921
922,6900922
923,6900923
924,6900924
925,6900925
926,6900926
927,6900927
928,6900928
929,6900929
930,6900930
931,6900931
932,6900932
933,6900933
934,6900934
935,6900935
936,6900936
937,6900937
938,6900938
939,6900939
940,6900940
941,6900941
942,6900942
943,6900943
944,6900944
945,6900945
946,6900946
947,6900947
948,6900948
949,6900949
950,6900950
951,6900951
952,6900952
953,6900953
954,6900954
955,6900955
956,6900956
957,6900957
958,6900958
959,6900959
960,6900960
961,6900961
962,6900962
963,6900963
964,6900964
965,6900965
966,6900966
967,6900967
968,6900968
969,6900969
970,6900970
971,6900971
972,6900972
973,6900973
974,6900974
975,6900975
976,6900976
977,6900977
978,6900978
979,6900979
980,6900980
981,6900981
982,6900982
983,6900983
984,6900984
985,6900985
986,6900986
987,6900987
988,6900988
989,6900989
990,6900990
991,6900991
992,6900992
993,6900993
994,6900994
995,6900995
996,6900996
997,6900997
998,6900998
999,6900999
1000,6901000
1001,6901001
1002,6901002
1003,6901003
1004,6901004
1005,6901005
1006,6901006
1007,6901007
1008,6901008
1009,6901009
1010,6901010
1011,6901011
1012,6901012
1013,6901013
1014,6901014
1015,6901015
1016,6901016
1017,6901017
1018,6901018
1019,6901019
1020,6901020
1021,6901021
1022,6901022
1023,6901023
1024,6901024
1025,6901025
1026,6901026
1027,6901027
1028,6901028
1029,6901029
1030,6901030
1031,6901031
1032,6901032
1033,6901033
1034,6901034
1035,6901035
1036,6901036
1037,6901037
1038,6901038
1039,6901039
1040,6901040
1041,6901041
1042,6901042
1043,6901043
1044,6901044
1045,6901045
1046,6901046
1047,6901047
1048,6901048
1049,6901049
1050,6901050
1051,6901051
1052,6901052
1053,6901053
1054,6901054
1055,6901055
1056,6901056
1057,6901057
1058,6901058
1059,6901059
1060,6901060
1061,6901061
1062,6901062
1063,6901063
1064,6901064
1065,6901065
1066,6901066
1067,6901067
1068,6901068
1069,6901069
1070,6901070
1071,6901071
1072,6901072
1073,6901073
1074,6901074
1075,6901075
1076,6901076
1077,6901077
1078,6901078
1079,6901079
1080,6901080
1081,6901081
1082,6901082
1083,6901083
1084,6901084
1085,6901085
1086,6901086
1087,6901087
1088,6901088
1089,6901089
1090,6901090
1091,6901091
1092,6901092
1093,6901093
1094,6901094
1095,6901095
1096,6901096
1097,6901097
1098,6901098
1099,6901099
1100,6901100
1101,6901101
1102,6901102
1103,6901103
1104,6901104
1105,6901105
1106,6901106
1107,6901107
1108,6901108
1109,6901109
1110,6901110
1111,6901111
1112,6901112
1113,6901113
1114,6901114
1115,6901115
1116,6901116
1117,6901117
1118,6901118
1119,6901119
1120,6901120
1121,6901121
1122,6901122
1123,6901123
1124,6901124
1125,6901125
1126,6901126
1127,6901127
1128,6901128
1129,6901129
1130,6901130
1131,6901131
1132,6901132
1133,6901133
1134,6901134
1135,6901135
1136,6901136
1137,6901137
1138,6901138
1139,6901139
1140,6901140
1141,6901141
1142,6901142
1143,6901143
1144,6901144
1145,6901145
1146,6901146
1147,6901147
1148,6901148
1149,6901149
1150,6901150
1151,6901151
1152,6901152
1153,6901153
1154,6901154
1155,6901155
1156,6901156
1157,6901157
1158,6901158
1159,6901159
1160,6901160
1161,6901161
1162,6901162
1163,6901163
1164,6901164
1165,6901165
1166,6901166
1167,6901167
1168,6901168
1169,6901169
1170,6901170
1171,6901171
1172,6901172
1173,6901173
1174,6901174
1175,6901175
1176,6901176
1177,6901177
1178,6901178
1179,6901179
1180,6901180
1181,6901181
1182,6901182
1183,6901183
1184,6901184
1185,6901185
1186,6901186
1187,6901187
1188,6901188
1189,6901189
1190,6901190
1191,6901191
1192,6901192
1193,6901193
1194,6901194
1195,6901195
1196,6901196
1197,6901197
1198,6901198
1199,6901199
1200,6901200
1201,6901201
1202,6901202
1203,6901203
1204,6901204
1205,6901205
1206,6901206
1207,6901207
1208,6901208
1209,6901209
1210,6901210
1211,6901211
1212,6901212
1213,6901213
1214,6901214
1215,6901215
1216,6901216
1217,6901217
1218,6901218
1219,6901219
1220,6901220
1221,6901221
1222,6901222
1223,6901223
1224,6901224
1225,6901225
1226,6901226
1227,6901227
1228,6901228
1229,6901229
1230,6901230
1231,6901231
1232,6901232
1233,6901233
1234,6901234
1235,6901235
1236,6901236
1237,6901237
1238,6901238
1239,6901239
1240,6901240
1241,6901241
1242,6901242
1243,6901243
1244,6901244
1245,6901245
1246,6901246
1247,6901247
1248,6901248
1249,6901249
1250,6901250
1251,6901251
1252,6901252
1253,6901253
1254,6901254
1255,6901255
1256,6901256
1257,6901257
1258,6901258
1259,6901259
1260,6901260
1261,6901261
1262,6901262
1263,6901263
1264,6901264
1265,6901265
1266,6901266
1267,6901267
1268,6901268
1269,6901269
1270,6901270
1271,6901271
1272,6901272
1273,6901273
1274,6901274
1275,6901275
1276,6901276
1277,6901277
1278,6901278
1279,6901279
1280,6901280
1281,6901281
1282,6901282
1283,6901283
1284,6901284
1285,6901285
1286,6901286
1287,6901287
1288,6901288
1289,6901289
1290,6901290
1291,6901291
1292,6901292
1293,6901293
1294,6901294
1295,6901295
1296,6901296
1297,6901297
1298,6901298
1299,6901299
1300,6901300
1301,6901301
1302,6901302
1303,6901303
1304,6901304
1305,6901305
1306,6901306
1307,6901307
1308,6901308
1309,6901309
1310,6901310
1311,6901311
1312,6901312
1313,6901313
1314,6901314
1315,6901315
1316,6901316
1317,6901317
1318,6901318
1319,6901319
1320,6901320
1321,6901321
1322,6901322
1323,6901323
1324,6901324
1325,6901325
1326,6901326
1327,6901327
1328,6901328
1329,6901329
1330,6901330
1331,6901331
1332,6901332
1333,6901333
1334,6901334
1335,6901335
1336,6901336
1337,6901337
1338,6901338
1339,6901339
1340,6901340
1341,6901341
1342,6901342
1343,6901343
1344,6901344
1345,6901345
1346,6901346
1347,6901347
1348,6901348
1349,6901349
1350,6901350
1351,6901351
1352,6901352
1353,6901353
1354,6901354
1355,6901355
1356,6901356
1357,6901357
1358,6901358
1359,6901359
1360,6901360
1361,6901361
1362,6901362
1363,6901363
1364,6901364
1365,6901365
1366,6901366
1367,6901367
1368,6901368
1369,6901369
1370,6901370
1371,6901371
1372,6901372
1373,6901373
1374,6901374
1375,6901375
1376,6901376
1377,6901377
1378,6901378
1379,6901379
1380,6901380
1381,6901381
1382,6901382
1383,6901383
1384,6901384
1385,6901385
1386,6901386
1387,6901387
1388,6901388
1389,6901389
1390,6901390
1391,6901391
1392,6901392
1393,6901393
1394,6901394
1395,6901395
1396,6901396
1397,6901397
1398,6901398
1399,6901399
1400,6901400
1401,6901401
1402,6901402
1403,6901403
1404,6901404
1405,6901405
1406,6901406
1407,6901407
1408,6901408
1409,6901409
1410,6901410
1411,6901411
1412,6901412
1413,6901413
1414,6901414
1415,6901415
1416,6901416
1417,6901417
1418,6901418
1419,6901419
1420,6901420
1421,6901421
1422,6901422
1423,6901423
1424,6901424
1425,6901425
1426,6901426
1427,6901427
1428,6901428
1429,6901429
1430,6901430
1431,6901431
1432,6901432
1433,6901433
1434,6901434
1435,6901435
1436,6901436
1437,6901437
1438,6901438
1439,6901439
1440,6901440
1441,6901441
1442,6901442
1443,6901443
1444,6901444
1445,6901445
1446,6901446
1447,6901447
1448,6901448
1449,6901449
1450,6901450
1451,6901451
1452,6901452
1453,6901453
1454,6901454
1455,6901455
1456,6901456
1457,6901457
1458,6901458
1459,6901459
1460,6901460
1461,6901461
1462,6901462
1463,6901463
1464,6901464
1465,6901465
1466,6901466
1467,6901467
1468,6901468
1469,6901469
1470,6901470
1471,6901471
1472,6901472
1473,6901473
1474,6901474
1475,6901475
1476,6901476
1477,6901477
1478,6901478
1479,6901479
1480,6901480
1481,6901481
1482,6901482
1483,6901483
1484,6901484
1485,6901485
1486,6901486
1487,6901487
1488,6901488
1489,6901489
1490,6901490
1491,6901491
1492,6901492
1493,6901493
1494,6901494
1495,6901495
1496,6901496
1497,6901497
1498,6901498
1499,6901499
1500,6901500
1501,6901501
1502,6901502
1503,6901503
1504,6901504
1505,6901505
1506,6901506
1507,6901507
1508,6901508
1509,6901509
1510,6901510
1511,6901511
1512,6901512
1513,6901513
1514,6901514
1515,6901515
1516,6901516
1517,6901517
1518,6901518
1519,6901519
1520,6901520
1521,6901521
1522,6901522
1523,6901523
1524,6901524
1525,6901525
1526,6901526
1527,6901527
1528,6901528
1529,6901529
1530,6901530
1531,6901531
1532,6901532
1533,6901533
1534,6901534
1535,6901535
1536,6901536
1537,6901537
1538,6901538
1539,6901539
1540,6901540
1541,6901541
1542,6901542
1543,6901543
1544,6901544
1545,6901545
1546,6901546
1547,6901547
1548,6901548
1549,6901549
1550,6901550
1551,6901551
1552,6901552
1553,6901553
1554,6901554
1555,6901555
1556,6901556
1557,6901557
1558,6901558
1559,6901559
1560,6901560
1561,6901561
1562,6901562
1563,6901563
1564,6901564
1565,6901565
1566,6901566
1567,6901567
1568,6901568
1569,6901569
1570,6901570
1571,6901571
1572,6901572
1573,6901573
1574,6901574
1575,6901575
1576,6901576
1577,6901577
1578,6901578
1579,6901579
1580,6901580
1581,6901581
1582,6901582
1583,6901583
1584,6901584
1585,6901585
1586,6901586
1587,6901587
1588,6901588
1589,6901589
1590,6901590
1591,6901591
1592,6901592
1593,6901593
1594,6901594
1595,6901595
1596,6901596
1597,6901597
1598,6901598
1599,6901599
1600,6901600
1601,6901601
1602,6901602
1603,6901603
1604,6901604
1605,6901605
1606,6901606
1607,6901607
1608,6901608
1609,6901609
1610,6901610
1611,6901611
1612,6901612
1613,6901613
1614,6901614
1615,6901615
1616,6901616
1617,6901617
1618,6901618
1619,6901619
1620,6901620
1621,6901621
1622,6901622
1623,6901623
1624,6901624
1625,6901625
1626,6901626
1627,6901627
1628,6901628
1629,6901629
1630,6901630
1631,6901631
1632,6901632
1633,6901633
1634,6901634
1635,6901635
1636,6901636
1637,6901637
1638,6901638
1639,6901639
1640,6901640
1641,6901641
1642,6901642
1643,6901643
1644,6901644
1645,6901645
1646,6901646
1647,6901647
1648,6901648
1649,6901649
1650,6901650
1651,6901651
1652,6901652
1653,6901653
1654,6901654
1655,6901655
1656,6901656
1657,6901657
1658,6901658
1659,6901659
1660,6901660
1661,6901661
1662,6901662
1663,6901663
1664,6901664
1665,6901665
1666,6901666
1667,6901667
1668,6901668
1669,6901669
1670,6901670
1671,6901671
1672,6901672
1673,6901673
1674,6901674
1675,6901675
1676,6901676
1677,6901677
1678,6901678
1679,6901679
1680,6901680
1681,6901681
1682,6901682
1683,6901683
1684,6901684
1685,6901685
1686,6901686
1687,6901687
1688,6901688
1689,6901689
1690,6901690
1691,6901691
1692,6901692
1693,6901693
1694,6901694
1695,6901695
1696,6901696
1697,6901697
1698,6901698
1699,6901699
1700,6901700
1701,6901701
1702,6901702
1703,6901703
1704,6901704
1705,6901705
1706,6901706
1707,6901707
1708,6901708
1709,6901709
1710,6901710
1711,6901711
1712,6901712
1713,6901713
1714,6901714
1715,6901715
1716,6901716
1717,6901717
1718,6901718
1719,6901719
1720,6901720
1721,6901721
1722,6901722
1723,6901723
1724,6901724
1725,6901725
1726,6901726
1727,6901727
1728,6901728
1729,6901729
1730,6901730
1731,6901731
1732,6901732
1733,6901733
1734,6901734
1735,6901735
1736,6901736
1737,6901737
1738,6901738
1739,6901739
1740,6901740
1741,6901741
1742,6901742
1743,6901743
1744,6901744
1745,6901745
1746,6901746
1747,6901747
1748,6901748
1749,6901749
1750,6901750
1751,6901751
1752,6901752
1753,6901753
1754,6901754
1755,6901755
1756,6901756
1757,6901757
1758,6901758
1759,6901759
1760,6901760
1761,6901761
1762,6901762
1763,6901763
1764,6901764
1765,6901765
1766,6901766
1767,6901767
1768,6901768
1769,6901769
1770,6901770
1771,6901771
1772,6901772
1773,6901773
1774,6901774
1775,6901775
1776,6901776
1777,6901777
1778,6901778
1779,6901779
1780,6901780
1781,6901781
1782,6901782
1783,6901783
1784,6901784
1785,6901785
1786,6901786
1787,6901787
1788,6901788
1789,6901789
1790,6901790
1791,6901791
1792,6901792
1793,6901793
1794,6901794
1795,6901795
1796,6901796
1797,6901797
1798,6901798
1799,6901799
1800,6901800
1801,6901801
1802,6901802
1803,6901803
1804,6901804
1805,6901805
1806,6901806
1807,6901807
1808,6901808
1809,6901809
1810,6901810
1811,6901811
1812,6901812
1813,6901813
1814,6901814
1815,6901815
1816,6901816
1817,6901817
1818,6901818
1819,6901819
1820,6901820
1821,6901821
1822,6901822
1823,6901823
1824,6901824
1825,6901825
1826,6901826
1827,6901827
1828,6901828
1829,6901829
1830,6901830
1831,6901831
1832,6901832
1833,6901833
1834,6901834
1835,6901835
1836,6901836
1837,6901837
1838,6901838
1839,6901839
1840,6901840
1841,6901841
1842,6901842
1843,6901843
1844,6901844
1845,6901845
1846,6901846
1847,6901847
1848,6901848
1849,6901849
1850,6901850
1851,6901851
1852,6901852
1853,6901853
1854,6901854
1855,6901855
1856,6901856
1857,6901857
1858,6901858
1859,6901859
1860,6901860
1861,6901861
1862,6901862
1863,6901863
1864,6901864
1865,6901865
1866,6901866
1867,6901867
1868,6901868
1869,6901869
1870,6901870
1871,6901871
1872,6901872
1873,6901873
1874,6901874
1875,6901875
1876,6901876
1877,6901877
1878,6901878
1879,6901879
1880,6901880
1881,6901881
1882,6901882
1883,6901883
1884,6901884
1885,6901885
1886,6901886
1887,6901887
1888,6901888
1889,6901889
1890,6901890
1891,6901891
1892,6901892
1893,6901893
1894,6901894
1895,6901895
1896,6901896
1897,6901897
1898,6901898
1899,6901899
1900,6901900
1901,6901901
1902,6901902
1903,6901903
1904,6901904
1905,6901905
1906,6901906
1907,6901907
1908,6901908
1909,6901909
1910,6901910
1911,6901911
1912,6901912
1913,6901913
1914,6901914
1915,6901915
1916,6901916
1917,6901917
1918,6901918
1919,6901919
1920,6901920
1921,6901921
1922,6901922
1923,6901923
1924,6901924
1925,6901925
1926,6901926
1927,6901927
1928,6901928
1929,6901929
1930,6901930
1931,6901931
1932,6901932
1933,6901933
1934,6901934
1935,6901935
1936,6901936
1937,6901937
1938,6901938
1939,6901939
1940,6901940
1941,6901941
1942,6901942
1943,6901943
1944,6901944
1945,6901945
1946,6901946
1947,6901947
1948,6901948
1949,6901949
1950,6901950
1951,6901951
1952,6901952
1953,6901953
1954,6901954
1955,6901955
1956,6901956
1957,6901957
1958,6901958
1959,6901959
1960,6901960
1961,6901961
1962,6901962
1963,6901963
1964,6901964
1965,6901965
1966,6901966
1967,6901967
1968,6901968
1969,6901969
1970,6901970
1971,6901971
1972,6901972
1973,6901973
1974,6901974
1975,6901975
1976,6901976
1977,6901977
1978,6901978
1979,6901979
1980,6901980
1981,6901981
1982,6901982
1983,6901983
1984,6901984
1985,6901985
1986,6901986
1987,6901987
1988,6901988
1989,6901989
1990,6901990
1991,6901991
1992,6901992
1993,6901993
1994,6901994
1995,6901995
1996,6901996
1997,6901997
1998,6901998
1999,6901999
2000,6902000
2001,6902001
2002,6902002
2003,6902003
2004,6902004
2005,6902005
2006,6902006
2007,6902007
2008,6902008
2009,6902009
2010,6902010
2011,6902011
2012,6902012
2013,6902013
2014,6902014
2015,6902015
2016,6902016
2017,6902017
2018,6902018
2019,6902019
2020,6902020
2021,6902021
2022,6902022
2023,6902023
2024,6902024
2025,6902025
2026,6902026
2027,6902027
2028,6902028
2029,6902029
2030,6902030
2031,6902031
2032,6902032
2033,6902033
2034,6902034
2035,6902035
2036,6902036
2037,6902037
2038,6902038
2039,6902039
2040,6902040
2041,6902041
2042,6902042
2043,6902043
2044,6902044
2045,6902045
2046,6902046
2047,6902047
2048,6902048
2049,6902049
2050,6902050
2051,6902051
2052,6902052
2053,6902053
2054,6902054
2055,6902055
2056,6902056
2057,6902057
2058,6902058
2059,6902059
2060,6902060
2061,6902061
2062,6902062
2063,6902063
2064,6902064
2065,6902065
2066,6902066
2067,6902067
2068,6902068
2069,6902069
2070,6902070
2071,6902071
2072,6902072
2073,6902073
2074,6902074
2075,6902075
2076,6902076
2077,6902077
2078,6902078
2079,6902079
2080,6902080
2081,6902081
2082,6902082
2083,6902083
2084,6902084
2085,6902085
2086,6902086
2087,6902087
2088,6902088
2089,6902089
2090,6902090
2091,6902091
2092,6902092
2093,6902093
2094,6902094
2095,6902095
2096,6902096
2097,6902097
2098,6902098
2099,6902099
2100,6902100
2101,6902101
2102,6902102
2103,6902103
2104,6902104
2105,6902105
2106,6902106
2107,6902107
2108,6902108
2109,6902109
2110,6902110
2111,6902111
2112,6902112
2113,6902113
2114,6902114
2115,6902115
2116,6902116
2117,6902117
2118,6902118
2119,6902119
2120,6902120
2121,6902121
2122,6902122
2123,6902123
2124,6902124
2125,6902125
2126,6902126
2127,6902127
2128,6902128
2129,6902129
2130,6902130
2131,6902131
2132,6902132
2133,6902133
2134,6902134
2135,6902135
2136,6902136
2137,6902137
2138,6902138
2139,6902139
2140,6902140
2141,6902141
2142,6902142
2143,6902143
2144,6902144
2145,6902145
2146,6902146
2147,6902147
2148,6902148
2149,6902149
2150,6902150
2151,6902151
2152,6902152
2153,6902153
2154,6902154
2155,6902155
2156,6902156
2157,6902157
2158,6902158
2159,6902159
2160,6902160
2161,6902161
2162,6902162
2163,6902163
2164,6902164
2165,6902165
2166,6902166
2167,6902167
2168,6902168
2169,6902169
2170,6902170
2171,6902171
2172,6902172
2173,6902173
2174,6902174
2175,6902175
2176,6902176
2177,6902177
2178,6902178
2179,6902179
2180,6902180
2181,6902181
2182,6902182
2183,6902183
2184,6902184
2185,6902185
2186,6902186
2187,6902187
2188,6902188
2189,6902189
2190,6902190
2191,6902191
2192,6902192
2193,6902193
2194,6902194
2195,6902195
2196,6902196
2197,6902197
2198,6902198
2199,6902199
2200,6902200
2201,6902201
2202,6902202
2203,6902203
2204,6902204
2205,6902205
2206,6902206
2207,6902207
2208,6902208
2209,6902209
2210,6902210
2211,6902211
2212,6902212
2213,6902213
2214,6902214
2215,6902215
2216,6902216
2217,6902217
2218,6902218
2219,6902219
2220,6902220
2221,6902221
2222,6902222
2223,6902223
2224,6902224
2225,6902225
2226,6902226
2227,6902227
2228,6902228
2229,6902229
2230,6902230
2231,6902231
2232,6902232
2233,6902233
2234,6902234
2235,6902235
2236,6902236
2237,6902237
2238,6902238
2239,6902239
2240,6902240
2241,6902241
2242,6902242
2243,6902243
2244,6902244
2245,6902245
2246,6902246
2247,6902247
2248,6902248
2249,6902249
2250,6902250
2251,6902251
2252,6902252
2253,6902253
2254,6902254
2255,6902255
2256,6902256
2257,6902257
2258,6902258
2259,6902259
2260,6902260
2261,6902261
2262,6902262
2263,6902263
2264,6902264
2265,6902265
2266,6902266
2267,6902267
2268,6902268
2269,6902269
2270,6902270
2271,6902271
2272,6902272
2273,6902273
2274,6902274
2275,6902275
2276,6902276
2277,6902277
2278,6902278
2279,6902279
2280,6902280
2281,6902281
2282,6902282
2283,6902283
2284,6902284
2285,6902285
2286,6902286
2287,6902287
2288,6902288
2289,6902289
2290,6902290
2291,6902291
2292,6902292
2293,6902293
2294,6902294
2295,6902295
2296,6902296
2297,6902297
2298,6902298
2299,6902299
2300,6902300
2301,6902301
2302,6902302
2303,6902303
2304,6902304
2305,6902305
2306,6902306
2307,6902307
2308,6902308
2309,6902309
2310,6902310
2311,6902311
2312,6902312
2313,6902313
2314,6902314
2315,6902315
2316,6902316
2317,6902317
2318,6902318
2319,6902319
2320,6902320
2321,6902321
2322,6902322
2323,6902323
2324,6902324
2325,6902325
2326,6902326
2327,6902327
2328,6902328
2329,6902329
2330,6902330
2331,6902331
2332,6902332
2333,6902333
2334,6902334
2335,6902335
2336,6902336
2337,6902337
2338,6902338
2339,6902339
2340,6902340
2341,6902341
2342,6902342
2343,6902343
2344,6902344
2345,6902345
2346,6902346
2347,6902347
2348,6902348
2349,6902349
2350,6902350
2351,6902351
2352,6902352
2353,6902353
2354,6902354
2355,6902355
2356,6902356
2357,6902357
2358,6902358
2359,6902359
2360,6902360
2361,6902361
2362,6902362
2363,6902363
2364,6902364
2365,6902365
2366,6902366
2367,6902367
2368,6902368
2369,6902369
2370,6902370
2371,6902371
2372,6902372
2373,6902373
2374,6902374
2375,6902375
2376,6902376
2377,6902377
2378,6902378
2379,6902379
2380,6902380
2381,6902381
2382,6902382
2383,6902383
2384,6902384
2385,6902385
2386,6902386
2387,6902387
2388,6902388
2389,6902389
2390,6902390
2391,6902391
2392,6902392
2393,6902393
2394,6902394
2395,6902395
2396,6902396
2397,6902397
2398,6902398
2399,6902399
2400,6902400
2401,6902401
2402,6902402
2403,6902403
2404,6902404
2405,6902405
2406,6902406
2407,6902407
2408,6902408
2409,6902409
2410,6902410
2411,6902411
2412,6902412
2413,6902413
2414,6902414
2415,6902415
2416,6902416
2417,6902417
2418,6902418
2419,6902419
2420,6902420
2421,6902421
2422,6902422
2423,6902423
2424,6902424
2425,6902425
2426,6902426
2427,6902427
2428,6902428
2429,6902429
2430,6902430
2431,6902431
2432,6902432
2433,6902433
2434,6902434
2435,6902435
2436,6902436
2437,6902437
2438,6902438
2439,6902439
2440,6902440
2441,6902441
2442,6902442
2443,6902443
2444,6902444
2445,6902445
2446,6902446
2447,6902447
2448,6902448
2449,6902449
2450,6902450
2451,6902451
2452,6902452
2453,6902453
2454,6902454
2455,6902455
2456,6902456
2457,6902457
2458,6902458
2459,6902459
2460,6902460
2461,6902461
2462,6902462
2463,6902463
2464,6902464
2465,6902465
2466,6902466
2467,6902467
2468,6902468
2469,6902469
2470,6902470
2471,6902471
2472,6902472
2473,6902473
2474,6902474
2475,6902475
2476,6902476
2477,6902477
2478,6902478
2479,6902479
2480,6902480
2481,6902481
2482,6902482
2483,6902483
2484,6902484
2485,6902485
2486,6902486
2487,6902487
2488,6902488
2489,6902489
2490,6902490
2491,6902491
2492,6902492
2493,6902493
2494,6902494
2495,6902495
2496,6902496
2497,6902497
2498,6902498
2499,6902499
2500,6902500
2501,6902501
2502,6902502
2503,6902503
2504,6902504
2505,6902505
2506,6902506
2507,6902507
2508,6902508
2509,6902509
2510,6902510
2511,6902511
2512,6902512
2513,6902513
2514,6902514
2515,6902515
2516,6902516
2517,6902517
2518,6902518
2519,6902519
2520,6902520
2521,6902521
2522,6902522
2523,6902523
2524,6902524
2525,6902525
2526,6902526
2527,6902527
2528,6902528
2529,6902529
2530,6902530
2531,6902531
2532,6902532
2533,6902533
2534,6902534
2535,6902535
2536,6902536
2537,6902537
2538,6902538
2539,6902539
2540,6902540
2541,6902541
2542,6902542
2543,6902543
2544,6902544
2545,6902545
2546,6902546
2547,6902547
2548,6902548
2549,6902549
2550,6902550
2551,6902551
2552,6902552
2553,6902553
2554,6902554
2555,6902555
2556,6902556
2557,6902557
2558,6902558
2559,6902559
2560,6902560
2561,6902561
2562,6902562
2563,6902563
2564,6902564
2565,6902565
2566,6902566
2567,6902567
2568,6902568
2569,6902569
2570,6902570
2571,6902571
2572,6902572
2573,6902573
2574,6902574
2575,6902575
2576,6902576
2577,6902577
2578,6902578
2579,6902579
2580,6902580
2581,6902581
2582,6902582
2583,6902583
2584,6902584
2585,6902585
2586,6902586
2587,6902587
2588,6902588
2589,6902589
2590,6902590
2591,6902591
2592,6902592
2593,6902593
2594,6902594
2595,6902595
2596,6902596
2597,6902597
2598,6902598
2599,6902599
2600,6902600
2601,6902601
2602,6902602
2603,6902603
2604,6902604
2605,6902605
2606,6902606
2607,6902607
2608,6902608
2609,6902609
2610,6902610
2611,6902611
2612,6902612
2613,6902613
2614,6902614
2615,6902615
2616,6902616
2617,6902617
2618,6902618
2619,6902619
2620,6902620
2621,6902621
2622,6902622
2623,6902623
2624,6902624
2625,6902625
2626,6902626
2627,6902627
2628,6902628
2629,6902629
2630,6902630
2631,6902631
2632,6902632
2633,6902633
2634,6902634
2635,6902635
2636,6902636
2637,6902637
2638,6902638
2639,6902639
2640,6902640
2641,6902641
2642,6902642
2643,6902643
2644,6902644
2645,6902645
2646,6902646
2647,6902647
2648,6902648
2649,6902649
2650,6902650
2651,6902651
2652,6902652
2653,6902653
2654,6902654
2655,6902655
2656,6902656
2657,6902657
2658,6902658
2659,6902659
2660,6902660
2661,6902661
2662,6902662
2663,6902663
2664,6902664
2665,6902665
2666,6902666
2667,6902667
2668,6902668
2669,6902669
2670,6902670
2671,6902671
2672,6902672
2673,6902673
2674,6902674
2675,6902675
2676,6902676
2677,6902677
2678,6902678
2679,6902679
2680,6902680
2681,6902681
2682,6902682
2683,6902683
2684,6902684
2685,6902685
2686,6902686
2687,6902687
2688,6902688
2689,6902689
2690,6902690
2691,6902691
2692,6902692
2693,6902693
2694,6902694
2695,6902695
2696,6902696
2697,6902697
2698,6902698
2699,6902699
2700,6902700
2701,6902701
2702,6902702
2703,6902703
2704,6902704
2705,6902705
2706,6902706
2707,6902707
2708,6902708
2709,6902709
2710,6902710
2711,6902711
2712,6902712
2713,6902713
2714,6902714
2715,6902715
2716,6902716
2717,6902717
2718,6902718
2719,6902719
2720,6902720
2721,6902721
2722,6902722
2723,6902723
2724,6902724
2725,6902725
2726,6902726
2727,6902727
2728,6902728
2729,6902729
2730,6902730
2731,6902731
2732,6902732
2733,6902733
2734,6902734
2735,6902735
2736,6902736
2737,6902737
2738,6902738
2739,6902739
2740,6902740
2741,6902741
2742,6902742
2743,6902743
2744,6902744
2745,6902745
2746,6902746
2747,6902747
2748,6902748
2749,6902749
2750,6902750
2751,6902751
2752,6902752
2753,6902753
2754,6902754
2755,6902755
2756,6902756
2757,6902757
2758,6902758
2759,6902759
2760,6902760
2761,6902761
2762,6902762
2763,6902763
2764,6902764
2765,6902765
2766,6902766
2767,6902767
2768,6902768
2769,6902769
2770,6902770
2771,6902771
2772,6902772
2773,6902773
2774,6902774
2775,6902775
2776,6902776
2777,6902777
2778,6902778
2779,6902779
2780,6902780
2781,6902781
2782,6902782
2783,6902783
2784,6902784
2785,6902785
2786,6902786
2787,6902787
2788,6902788
2789,6902789
2790,6902790
2791,6902791
2792,6902792
2793,6902793
2794,6902794
2795,6902795
2796,6902796
2797,6902797
2798,6902798
2799,6902799
2800,6902800
2801,6902801
2802,6902802
2803,6902803
2804,6902804
2805,6902805
2806,6902806
2807,6902807
2808,6902808
2809,6902809
2810,6902810
2811,6902811
2812,6902812
2813,6902813
2814,6902814
2815,6902815
2816,6902816
2817,6902817
2818,6902818
2819,6902819
2820,6902820
2821,6902821
2822,6902822
2823,6902823
2824,6902824
2825,6902825
2826,6902826
2827,6902827
2828,6902828
2829,6902829
2830,6902830
2831,6902831
2832,6902832
2833,6902833
2834,6902834
2835,6902835
2836,6902836
2837,6902837
2838,6902838
2839,6902839
2840,6902840
2841,6902841
2842,6902842
2843,6902843
2844,6902844
2845,6902845
2846,6902846
2847,6902847
2848,6902848
2849,6902849
2850,6902850
2851,6902851
2852,6902852
2853,6902853
2854,6902854
2855,6902855
2856,6902856
2857,6902857
2858,6902858
2859,6902859
2860,6902860
2861,6902861
2862,6902862
2863,6902863
2864,6902864
2865,6902865
2866,6902866
2867,6902867
2868,6902868
2869,6902869
2870,6902870
2871,6902871
2872,6902872
2873,6902873
2874,6902874
2875,6902875
2876,6902876
2877,6902877
2878,6902878
2879,6902879
2880,6902880
2881,6902881
2882,6902882
2883,6902883
2884,6902884
2885,6902885
2886,6902886
2887,6902887
2888,6902888
2889,6902889
2890,6902890
2891,6902891
2892,6902892
2893,6902893
2894,6902894
2895,6902895
2896,6902896
2897,6902897
2898,6902898
2899,6902899
2900,6902900
2901,6902901
2902,6902902
2903,6902903
2904,6902904
2905,6902905
2906,6902906
2907,6902907
2908,6902908
2909,6902909
2910,6902910
2911,6902911
2912,6902912
2913,6902913
2914,6902914
2915,6902915
2916,6902916
2917,6902917
2918,6902918
2919,6902919
2920,6902920
2921,6902921
2922,6902922
2923,6902923
2924,6902924
2925,6902925
2926,6902926
2927,6902927
2928,6902928
2929,6902929
2930,6902930
2931,6902931
2932,6902932
2933,6902933
2934,6902934
2935,6902935
2936,6902936
2937,6902937
2938,6902938
2939,6902939
2940,6902940
2941,6902941
2942,6902942
2943,6902943
2944,6902944
2945,6902945
2946,6902946
2947,6902947
2948,6902948
2949,6902949
2950,6902950
2951,6902951
2952,6902952
2953,6902953
2954,6902954
2955,6902955
2956,6902956
2957,6902957
2958,6902958
2959,6902959
2960,6902960
2961,6902961
2962,6902962
2963,6902963
2964,6902964
2965,6902965
2966,6902966
2967,6902967
2968,6902968
2969,6902969
2970,6902970
2971,6902971
2972,6902972
2973,6902973
2974,6902974
2975,6902975
2976,6902976
2977,6902977
2978,6902978
2979,6902979
2980,6902980
2981,6902981
2982,6902982
2983,6902983
2984,6902984
2985,6902985
2986,6902986
2987,6902987
2988,6902988
2989,6902989
2990,6902990
2991,6902991
2992,6902992
2993,6902993
2994,6902994
2995,6902995
2996,6902996
2997,6902997
2998,6902998
2999,6902999
3000,6903000
3001,6903001
3002,6903002
3003,6903003
3004,6903004
3005,6903005
3006,6903006
3007,6903007
3008,6903008
3009,6903009
3010,6903010
3011,6903011
3012,6903012
3013,6903013
3014,6903014
3015,6903015
3016,6903016
3017,6903017
3018,6903018
3019,6903019
3020,6903020
3021,6903021
3022,6903022
3023,6903023
3024,6903024
3025,6903025
3026,6903026
3027,6903027
3028,6903028
3029,6903029
3030,6903030
3031,6903031
3032,6903032
3033,6903033
3034,6903034
3035,6903035
3036,6903036
3037,6903037
3038,6903038
3039,6903039
3040,6903040
3041,6903041
3042,6903042
3043,6903043
3044,6903044
3045,6903045
3046,6903046
3047,6903047
3048,6903048
3049,6903049
3050,6903050
3051,6903051
3052,6903052
3053,6903053
3054,6903054
3055,6903055
3056,6903056
3057,6903057
3058,6903058
3059,6903059
3060,6903060
3061,6903061
3062,6903062
3063,6903063
3064,6903064
3065,6903065
3066,6903066
3067,6903067
3068,6903068
3069,6903069
3070,6903070
3071,6903071
3072,6903072
3073,6903073
3074,6903074
3075,6903075
3076,6903076
3077,6903077
3078,6903078
3079,6903079
3080,6903080
3081,6903081
3082,6903082
3083,6903083
3084,6903084
3085,6903085
3086,6903086
3087,6903087
3088,6903088
3089,6903089
3090,6903090
3091,6903091
3092,6903092
3093,6903093
3094,6903094
3095,6903095
3096,6903096
3097,6903097
3098,6903098
3099,6903099
3100,6903100
3101,6903101
3102,6903102
3103,6903103
3104,6903104
3105,6903105
3106,6903106
3107,6903107
3108,6903108
3109,6903109
3110,6903110
3111,6903111
3112,6903112
3113,6903113
3114,6903114
3115,6903115
3116,6903116
3117,6903117
3118,6903118
3119,6903119
3120,6903120
3121,6903121
3122,6903122
3123,6903123
3124,6903124
3125,6903125
3126,6903126
3127,6903127
3128,6903128
3129,6903129
3130,6903130
3131,6903131
3132,6903132
3133,6903133
3134,6903134
3135,6903135
3136,6903136
3137,6903137
3138,6903138
3139,6903139
3140,6903140
3141,6903141
3142,6903142
3143,6903143
3144,6903144
3145,6903145
3146,6903146
3147,6903147
3148,6903148
3149,6903149
3150,6903150
3151,6903151
3152,6903152
3153,6903153
3154,6903154
3155,6903155
3156,6903156
3157,6903157
3158,6903158
3159,6903159
3160,6903160
3161,6903161
3162,6903162
3163,6903163
3164,6903164
3165,6903165
3166,6903166
3167,6903167
3168,6903168
3169,6903169
3170,6903170
3171,6903171
3172,6903172
3173,6903173
3174,6903174
3175,6903175
3176,6903176
3177,6903177
3178,6903178
3179,6903179
3180,6903180
3181,6903181
3182,6903182
3183,6903183
3184,6903184
3185,6903185
3186,6903186
3187,6903187
3188,6903188
3189,6903189
3190,6903190
3191,6903191
3192,6903192
3193,6903193
3194,6903194
3195,6903195
3196,6903196
3197,6903197
3198,6903198
3199,6903199
3200,6903200
3201,6903201
3202,6903202
3203,6903203
3204,6903204
3205,6903205
3206,6903206
3207,6903207
3208,6903208
3209,6903209
3210,6903210
3211,6903211
3212,6903212
3213,6903213
3214,6903214
3215,6903215
3216,6903216
3217,6903217
3218,6903218
3219,6903219
3220,6903220
3221,6903221
3222,6903222
3223,6903223
3224,6903224
3225,6903225
3226,6903226
3227,6903227
3228,6903228
3229,6903229
3230,6903230
3231,6903231
3232,6903232
3233,6903233
3234,6903234
3235,6903235
3236,6903236
3237,6903237
3238,6903238
3239,6903239
3240,6903240
3241,6903241
3242,6903242
3243,6903243
3244,6903244
3245,6903245
3246,6903246
3247,6903247
3248,6903248
3249,6903249
3250,6903250
3251,6903251
3252,6903252
3253,6903253
3254,6903254
3255,6903255
3256,6903256
3257,6903257
3258,6903258
3259,6903259
3260,6903260
3261,6903261
3262,6903262
3263,6903263
3264,6903264
3265,6903265
3266,6903266
3267,6903267
3268,6903268
3269,6903269
3270,6903270
3271,6903271
3272,6903272
3273,6903273
3274,6903274
3275,6903275
3276,6903276
3277,6903277
3278,6903278
3279,6903279
3280,6903280
3281,6903281
3282,6903282
3283,6903283
3284,6903284
3285,6903285
3286,6903286
3287,6903287
3288,6903288
3289,6903289
3290,6903290
3291,6903291
3292,6903292
3293,6903293
3294,6903294
3295,6903295
3296,6903296
3297,6903297
3298,6903298
3299,6903299
3300,6903300
3301,6903301
3302,6903302
3303,6903303
3304,6903304
3305,6903305
3306,6903306
3307,6903307
3308,6903308
3309,6903309
3310,6903310
3311,6903311
3312,6903312
3313,6903313
3314,6903314
3315,6903315
3316,6903316
3317,6903317
3318,6903318
3319,6903319
3320,6903320
3321,6903321
3322,6903322
3323,6903323
3324,6903324
3325,6903325
3326,6903326
3327,6903327
3328,6903328
3329,6903329
3330,6903330
3331,6903331
3332,6903332
3333,6903333
3334,6903334
3335,6903335
3336,6903336
3337,6903337
3338,6903338
3339,6903339
3340,6903340
3341,6903341
3342,6903342
3343,6903343
3344,6903344
3345,6903345
3346,6903346
3347,6903347
3348,6903348
3349,6903349
3350,6903350
3351,6903351
3352,6903352
3353,6903353
3354,6903354
3355,6903355
3356,6903356
3357,6903357
3358,6903358
3359,6903359
3360,6903360
3361,6903361
3362,6903362
3363,6903363
3364,6903364
3365,6903365
3366,6903366
3367,6903367
3368,6903368
3369,6903369
3370,6903370
3371,6903371
3372,6903372
3373,6903373
3374,6903374
3375,6903375
3376,6903376
3377,6903377
3378,6903378
3379,6903379
3380,6903380
3381,6903381
3382,6903382
3383,6903383
3384,6903384
3385,6903385
3386,6903386
3387,6903387
3388,6903388
3389,6903389
3390,6903390
3391,6903391
3392,6903392
3393,6903393
3394,6903394
3395,6903395
3396,6903396
3397,6903397
3398,6903398
3399,6903399
3400,6903400
3401,6903401
3402,6903402
3403,6903403
3404,6903404
3405,6903405
3406,6903406
3407,6903407
3408,6903408
3409,6903409
3410,6903410
3411,6903411
3412,6903412
3413,6903413
3414,6903414
3415,6903415
3416,6903416
3417,6903417
3418,6903418
3419,6903419
3420,6903420
3421,6903421
3422,6903422
3423,6903423
3424,6903424
3425,6903425
3426,6903426
3427,6903427
3428,6903428
3429,6903429
3430,6903430
3431,6903431
3432,6903432
3433,6903433
3434,6903434
3435,6903435
3436,6903436
3437,6903437
3438,6903438
3439,6903439
3440,6903440
3441,6903441
3442,6903442
3443,6903443
3444,6903444
3445,6903445
3446,6903446
3447,6903447
3448,6903448
3449,6903449
3450,6903450
3451,6903451
3452,6903452
3453,6903453
3454,6903454
3455,6903455
3456,6903456
3457,6903457
3458,6903458
3459,6903459
3460,6903460
3461,6903461
3462,6903462
3463,6903463
3464,6903464
3465,6903465
3466,6903466
3467,6903467
3468,6903468
3469,6903469
3470,6903470
3471,6903471
3472,6903472
3473,6903473
3474,6903474
3475,6903475
3476,6903476
3477,6903477
3478,6903478
3479,6903479
3480,6903480
3481,6903481
3482,6903482
3483,6903483
3484,6903484
3485,6903485
3486,6903486
3487,6903487
3488,6903488
3489,6903489
3490,6903490
3491,6903491
3492,6903492
3493,6903493
3494,6903494
3495,6903495
3496,6903496
3497,6903497
3498,6903498
3499,6903499
3500,6903500
3501,6903501
3502,6903502
3503,6903503
3504,6903504
3505,6903505
3506,6903506
3507,6903507
3508,6903508
3509,6903509
3510,6903510
3511,6903511
3512,6903512
3513,6903513
3514,6903514
3515,6903515
3516,6903516
3517,6903517
3518,6903518
3519,6903519
3520,6903520
3521,6903521
3522,6903522
3523,6903523
3524,6903524
3525,6903525
3526,6903526
3527,6903527
3528,6903528
3529,6903529
3530,6903530
3531,6903531
3532,6903532
3533,6903533
3534,6903534
3535,6903535
3536,6903536
3537,6903537
3538,6903538
3539,6903539
3540,6903540
3541,6903541
3542,6903542
3543,6903543
3544,6903544
3545,6903545
3546,6903546
3547,6903547
3548,6903548
3549,6903549
3550,6903550
3551,6903551
3552,6903552
3553,6903553
3554,6903554
3555,6903555
3556,6903556
3557,6903557
3558,6903558
3559,6903559
3560,6903560
3561,6903561
3562,6903562
3563,6903563
3564,6903564
3565,6903565
3566,6903566
3567,6903567
3568,6903568
3569,6903569
3570,6903570
3571,6903571
3572,6903572
3573,6903573
3574,6903574
3575,6903575
3576,6903576
3577,6903577
3578,6903578
3579,6903579
3580,6903580
3581,6903581
3582,6903582
3583,6903583
3584,6903584
3585,6903585
3586,6903586
3587,6903587
3588,6903588
3589,6903589
3590,6903590
3591,6903591
3592,6903592
3593,6903593
3594,6903594
3595,6903595
3596,6903596
3597,6903597
3598,6903598
3599,6903599
3600,6903600
3601,6903601
3602,6903602
3603,6903603
3604,6903604
3605,6903605
3606,6903606
3607,6903607
3608,6903608
3609,6903609
3610,6903610
3611,6903611
3612,6903612
3613,6903613
3614,6903614
3615,6903615
3616,6903616
3617,6903617
3618,6903618
3619,6903619
3620,6903620
3621,6903621
3622,6903622
3623,6903623
3624,6903624
3625,6903625
3626,6903626
3627,6903627
3628,6903628
3629,6903629
3630,6903630
3631,6903631
3632,6903632
3633,6903633
3634,6903634
3635,6903635
3636,6903636
3637,6903637
3638,6903638
3639,6903639
3640,6903640
3641,6903641
3642,6903642
3643,6903643
3644,6903644
3645,6903645
3646,6903646
3647,6903647
3648,6903648
3649,6903649
3650,6903650
3651,6903651
3652,6903652
3653,6903653
3654,6903654
3655,6903655
3656,6903656
3657,6903657
3658,6903658
3659,6903659
3660,6903660
3661,6903661
3662,6903662
3663,6903663
3664,6903664
3665,6903665
3666,6903666
3667,6903667
3668,6903668
3669,6903669
3670,6903670
3671,6903671
3672,6903672
3673,6903673
3674,6903674
3675,6903675
3676,6903676
3677,6903677
3678,6903678
3679,6903679
3680,6903680
3681,6903681
3682,6903682
3683,6903683
3684,6903684
3685,6903685
3686,6903686
3687,6903687
3688,6903688
3689,6903689
3690,6903690
3691,6903691
3692,6903692
3693,6903693
3694,6903694
3695,6903695
3696,6903696
3697,6903697
3698,6903698
3699,6903699
3700,6903700
3701,6903701
3702,6903702
3703,6903703
3704,6903704
3705,6903705
3706,6903706
3707,6903707
3708,6903708
3709,6903709
3710,6903710
3711,6903711
3712,6903712
3713,6903713
3714,6903714
3715,6903715
3716,6903716
3717,6903717
3718,6903718
3719,6903719
3720,6903720
3721,6903721
3722,6903722
3723,6903723
3724,6903724
3725,6903725
3726,6903726
3727,6903727
3728,6903728
3729,6903729
3730,6903730
3731,6903731
3732,6903732
3733,6903733
3734,6903734
3735,6903735
3736,6903736
3737,6903737
3738,6903738
3739,6903739
3740,6903740
3741,6903741
3742,6903742
3743,6903743
3744,6903744
3745,6903745
3746,6903746
3747,6903747
3748,6903748
3749,6903749
3750,6903750
3751,6903751
3752,6903752
3753,6903753
3754,6903754
3755,6903755
3756,6903756
3757,6903757
3758,6903758
3759,6903759
3760,6903760
3761,6903761
3762,6903762
3763,6903763
3764,6903764
3765,6903765
3766,6903766
3767,6903767
3768,6903768
3769,6903769
3770,6903770
3771,6903771
3772,6903772
3773,6903773
3774,6903774
3775,6903775
3776,6903776
3777,6903777
3778,6903778
3779,6903779
3780,6903780
3781,6903781
3782,6903782
3783,6903783
3784,6903784
3785,6903785
3786,6903786
3787,6903787
3788,6903788
3789,6903789
3790,6903790
3791,6903791
3792,6903792
3793,6903793
3794,6903794
3795,6903795
3796,6903796
3797,6903797
3798,6903798
3799,6903799
3800,6903800
3801,6903801
3802,6903802
3803,6903803
3804,6903804
3805,6903805
3806,6903806
3807,6903807
3808,6903808
3809,6903809
3810,6903810
3811,6903811
3812,6903812
3813,6903813
3814,6903814
3815,6903815
3816,6903816
3817,6903817
3818,6903818
3819,6903819
3820,6903820
3821,6903821
3822,6903822
3823,6903823
3824,6903824
3825,6903825
3826,6903826
3827,6903827
3828,6903828
3829,6903829
3830,6903830
3831,6903831
3832,6903832
3833,6903833
3834,6903834
3835,6903835
3836,6903836
3837,6903837
3838,6903838
3839,6903839
3840,6903840
3841,6903841
3842,6903842
3843,6903843
3844,6903844
3845,6903845
3846,6903846
3847,6903847
3848,6903848
3849,6903849
3850,6903850
3851,6903851
3852,6903852
3853,6903853
3854,6903854
3855,6903855
3856,6903856
3857,6903857
3858,6903858
3859,6903859
3860,6903860
3861,6903861
3862,6903862
3863,6903863
3864,6903864
3865,6903865
3866,6903866
3867,6903867
3868,6903868
3869,6903869
3870,6903870
3871,6903871
3872,6903872
3873,6903873
3874,6903874
3875,6903875
3876,6903876
3877,6903877
3878,6903878
3879,6903879
3880,6903880
3881,6903881
3882,6903882
3883,6903883
3884,6903884
3885,6903885
3886,6903886
3887,6903887
3888,6903888
3889,6903889
3890,6903890
3891,6903891
3892,6903892
3893,6903893
3894,6903894
3895,6903895
3896,6903896
3897,6903897
3898,6903898
3899,6903899
3900,6903900
3901,6903901
3902,6903902
3903,6903903
3904,6903904
3905,6903905
3906,6903906
3907,6903907
3908,6903908
3909,6903909
3910,6903910
3911,6903911
3912,6903912
3913,6903913
3914,6903914
3915,6903915
3916,6903916
3917,6903917
3918,6903918
3919,6903919
3920,6903920
3921,6903921
3922,6903922
3923,6903923
3924,6903924
3925,6903925
3926,6903926
3927,6903927
3928,6903928
3929,6903929
3930,6903930
3931,6903931
3932,6903932
3933,6903933
3934,6903934
3935,6903935
3936,6903936
3937,6903937
3938,6903938
3939,6903939
3940,6903940
3941,6903941
3942,6903942
3943,6903943
3944,6903944
3945,6903945
3946,6903946
3947,6903947
3948,6903948
3949,6903949
3950,6903950
3951,6903951
3952,6903952
3953,6903953
3954,6903954
3955,6903955
3956,6903956
3957,6903957
3958,6903958
3959,6903959
3960,6903960
3961,6903961
3962,6903962
3963,6903963
3964,6903964
3965,6903965
3966,6903966
3967,6903967
3968,6903968
3969,6903969
3970,6903970
3971,6903971
3972,6903972
3973,6903973
3974,6903974
3975,6903975
3976,6903976
3977,6903977
3978,6903978
3979,6903979
3980,6903980
3981,6903981
3982,6903982
3983,6903983
3984,6903984
3985,6903985
3986,6903986
3987,6903987
3988,6903988
3989,6903989
3990,6903990
3991,6903991
3992,6903992
3993,6903993
3994,6903994
3995,6903995
3996,6903996
3997,6903997
3998,6903998
3999,6903999
4000,6904000
4001,6904001
4002,6904002
4003,6904003
4004,6904004
4005,6904005
4006,6904006
4007,6904007
4008,6904008
4009,6904009
4010,6904010
4011,6904011
4012,6904012
4013,6904013
4014,6904014
4015,6904015
4016,6904016
4017,6904017
4018,6904018
4019,6904019
4020,6904020
4021,6904021
4022,6904022
4023,6904023
4024,6904024
4025,6904025
4026,6904026
4027,6904027
4028,6904028
4029,6904029
4030,6904030
4031,6904031
4032,6904032
4033,6904033
4034,6904034
4035,6904035
4036,6904036
4037,6904037
4038,6904038
4039,6904039
4040,6904040
4041,6904041
4042,6904042
4043,6904043
4044,6904044
4045,6904045
4046,6904046
4047,6904047
4048,6904048
4049,6904049
4050,6904050
4051,6904051
4052,6904052
4053,6904053
4054,6904054
4055,6904055
4056,6904056
4057,6904057
4058,6904058
4059,6904059
4060,6904060
4061,6904061
4062,6904062
4063,6904063
4064,6904064
4065,6904065
4066,6904066
4067,6904067
4068,6904068
4069,6904069
4070,6904070
4071,6904071
4072,6904072
4073,6904073
4074,6904074
4075,6904075
4076,6904076
4077,6904077
4078,6904078
4079,6904079
4080,6904080
4081,6904081
4082,6904082
4083,6904083
4084,6904084
4085,6904085
4086,6904086
4087,6904087
4088,6904088
4089,6904089
4090,6904090
4091,6904091
4092,6904092
4093,6904093
4094,6904094
4095,6904095
4096,6904096
4097,6904097
4098,6904098
4099,6904099
4100,6904100
4101,6904101
4102,6904102
4103,6904103
4104,6904104
4105,6904105
4106,6904106
4107,6904107
4108,6904108
4109,6904109
4110,6904110
4111,6904111
4112,6904112
4113,6904113
4114,6904114
4115,6904115
4116,6904116
4117,6904117
4118,6904118
4119,6904119
4120,6904120
4121,6904121
4122,6904122
4123,6904123
4124,6904124
4125,6904125
4126,6904126
4127,6904127
4128,6904128
4129,6904129
4130,6904130
4131,6904131
4132,6904132
4133,6904133
4134,6904134
4135,6904135
4136,6904136
4137,6904137
4138,6904138
4139,6904139
4140,6904140
4141,6904141
4142,6904142
4143,6904143
4144,6904144
4145,6904145
4146,6904146
4147,6904147
4148,6904148
4149,6904149
4150,6904150
4151,6904151
4152,6904152
4153,6904153
4154,6904154
4155,6904155
4156,6904156
4157,6904157
4158,6904158
4159,6904159
4160,6904160
4161,6904161
4162,6904162
4163,6904163
4164,6904164
4165,6904165
4166,6904166
4167,6904167
4168,6904168
4169,6904169
4170,6904170
4171,6904171
4172,6904172
4173,6904173
4174,6904174
4175,6904175
4176,6904176
4177,6904177
4178,6904178
4179,6904179
4180,6904180
4181,6904181
4182,6904182
4183,6904183
4184,6904184
4185,6904185
4186,6904186
4187,6904187
4188,6904188
4189,6904189
4190,6904190
4191,6904191
4192,6904192
4193,6904193
4194,6904194
4195,6904195
4196,6904196
4197,6904197
4198,6904198
4199,6904199
4200,6904200
4201,6904201
4202,6904202
4203,6904203
4204,6904204
4205,6904205
4206,6904206
4207,6904207
4208,6904208
4209,6904209
4210,6904210
4211,6904211
4212,6904212
4213,6904213
4214,6904214
4215,6904215
4216,6904216
4217,6904217
4218,6904218
4219,6904219
4220,6904220
4221,6904221
4222,6904222
4223,6904223
4224,6904224
4225,6904225
4226,6904226
4227,6904227
4228,6904228
4229,6904229
4230,6904230
4231,6904231
4232,6904232
4233,6904233
4234,6904234
4235,6904235
4236,6904236
4237,6904237
4238,6904238
4239,6904239
4240,6904240
4241,6904241
4242,6904242
4243,6904243
4244,6904244
4245,6904245
4246,6904246
4247,6904247
4248,6904248
4249,6904249
4250,6904250
4251,6904251
4252,6904252
4253,6904253
4254,6904254
4255,6904255
4256,6904256
4257,6904257
4258,6904258
4259,6904259
4260,6904260
4261,6904261
4262,6904262
4263,6904263
4264,6904264
4265,6904265
4266,6904266
4267,6904267
4268,6904268
4269,6904269
4270,6904270
4271,6904271
4272,6904272
4273,6904273
4274,6904274
4275,6904275
4276,6904276
4277,6904277
4278,6904278
4279,6904279
4280,6904280
4281,6904281
4282,6904282
4283,6904283
4284,6904284
4285,6904285
4286,6904286
4287,6904287
4288,6904288
4289,6904289
4290,6904290
4291,6904291
4292,6904292
4293,6904293
4294,6904294
4295,6904295
4296,6904296
4297,6904297
4298,6904298
4299,6904299
4300,6904300
4301,6904301
4302,6904302
4303,6904303
4304,6904304
4305,6904305
4306,6904306
4307,5800893
4308,2800993
4309,5800051
4310,5800716
4311,5800469
4312,5800698
4313,5802624
4314,5802691
4315,5800635
4316,5802355
4317,5800998
4318,5800972
4319,5802698
4320,5800660
4321,5800886
4322,5800566
4323,5800670
4324,5800989
4325,5800580
4326,400058
4327,5800555
4328,5801595
4329,5802105
4330,5200742
4331,5200661
4332,5802665
4333,5800399
4334,5800235
4335,5801830
4336,5200885
4337,5802049
4338,400055
4339,5801831
4340,5200687
4341,5801756
4342,5801855
4343,5800656
4344,5801367
4345,5800799
4346,5801355
4347,5802470
4348,5200679
4349,5200588
4350,5801728
4351,5800538
4352,5802676
4353,5800447
4354,5801231
4355,5800095
4356,5800079
4357,5801156
4358,5801794
4359,5802468
4360,5801904
4361,5800454
4362,5800097
4363,5800414
4364,5800474
4365,5800099
4366,5802276
4367,5800238
4368,5802229
4369,5200729
4370,5802459
4371,5800468
4372,5800868
4373,5801020
4374,5800382
4375,5800598
4376,5802359
4377,5800613
4378,5800349
4379,5800562
4380,5802375
4381,5800618
4382,5800609
4383,5801190
4384,5801632
4385,5800504
4386,5802405
4387,5800102
4388,5800286
4389,5800094
4390,5800700
4391,5800680
4392,5800449
4393,5800182
4394,5800699
4395,5802198
4396,5800946
4397,5800371
4398,5802678
4399,5801146
4400,5801304
4401,5800861
4402,5801694
4403,5802147
4404,5801373
4405,5800593
4406,5800168
4407,5802693
4408,5800957
4409,5802226
4410,5800679
4411,5801934
4412,5802202
4413,5800057
4414,5801851
4415,5800195
4416,5802443
4417,5801886
4418,5801692
4419,5800305
4420,5802440
4421,5802038
4422,5802430
4423,5801192
4424,5801741
4425,5801696
4426,5802447
4427,5801328
4428,5801780
4429,5800158
4430,5801937
4431,5800278
4432,5800608
4433,5800902
4434,5800524
4435,5802255
4436,5801702
4437,5800367
4438,5800844
4439,5800862
4440,5800889
4441,5800511
4442,5801040
4443,5801892
4444,5801659
4445,5800833
4446,5800956
4447,5802674
4448,5800016
4449,5802344
4450,5801599
4451,5801036
4452,5801896
4453,5801905
4454,5802409
4455,5800167
4456,5800877
4457,5800260
4458,5800173
4459,5800448
4460,5801628
4461,5802684
4462,5800144
4463,5802328
4464,5801317
4465,5802418
4466,5800339
4467,5800430
4468,5801344
4469,5802373
4470,5802663
4471,5800508
4472,5802334
4473,5801729
4474,5801035
4475,5801871
4476,5800284
4477,5801333
4478,5800610
4479,5800659
4480,5800486
4481,5801757
4482,5800459
4483,5801359
4484,5800279
4485,5800577
4486,5800992
4487,5800089
4488,5800088
4489,5800400
4490,5800107
4491,5801044
4492,5801751
4493,5800984
4494,5802688
4495,5800572
4496,5800307
4497,5800854
4498,5800942
4499,5801716
4500,5800819
4501,5800658
4502,5801735
4503,5800537
4504,5801368
4505,5800294
4506,5802114
4507,5800651
4508,5801357
4509,5800342
4510,5800396
4511,5801738
4512,5800850
4513,5802358
4514,5802381
4515,5802464
4516,5802342
4517,5802416
4518,5802218
4519,5801912
4520,5801356
4521,5802380
4522,5800484
4523,5800166
4524,5802700
4525,5801715
4526,5801318
4527,5801893
4528,5801695
4529,5802648
4530,5802353
4531,5802438
4532,5801879
4533,5801023
4534,5801848
4535,5801620
4536,5801018
4537,5800498
4538,5800111
4539,5801825
4540,5802042
4541,5801789
4542,5800031
4543,5802265
4544,5802434
4545,5800728
4546,5800541
4547,5802429
4548,5802079
4549,5801361
4550,5801376
4551,5802458
4552,5802659
4553,5802370
4554,5802246
4555,5800251
4556,5800452
4557,5800675
4558,5801625
4559,5802384
4560,5801351
4561,5802471
4562,5801631
4563,5802658
4564,5802045
4565,5800694
4566,5800091
4567,5800437
4568,5800315
4569,5802668
4570,5802442
4571,5801571
4572,5800028
4573,
4574,5801346
4575,5800633
4576,5800316
4577,5800954
4578,5800801
4579,5800389
4580,5800145
4581,5801575
4582,5802214
4583,5801310
4584,5801151
4585,5801372
4586,5801469
4587,5800412
4588,5802552
4589,5800657
4590,5800628
4591,5800752
4592,5800419
4593,5801477
4594,5800373
4595,5800553
4596,5802305
4597,5801182
4598,5800697
4599,5800311
4600,5802389
4601,5800629
4602,5800583
4603,5800444
4604,5802077
4605,5801719
4606,5802256
4607,5802417
4608,5802399
4609,5800779
4610,5801919
4611,5800853
4612,5800894
4613,5801626
4614,5800889
4615,5801618
4616,5802287
4617,5802480
4618,5802119
4619,5800295
4620,5801726
4621,5800631
4622,5800585
4623,5801750
4624,5800786
4625,5800067
4626,5800977
4627,5800610
4628,5800695
4629,5802127
4630,5800612
4631,5800345
4632,5800587
4633,5800788
4634,5802401
4635,5802059
4636,5800200
4637,5801788
4638,5800623
4639,5802036
4640,5800971
4641,5800174
4642,5800591
4643,5800787
4644,5802109
4645,5800164
4646,5802423
4647,5800048
4648,5800104
4649,5802673
4650,5800588
4651,5801900
4652,5802346
4653,5802475
4654,5801375
4655,5802392
4656,5800351
4657,5802351
4658,5801366
4659,5802289
4660,5801645
4661,5801526
4662,5801347
4663,5801332
4664,5800069
4665,5800565
4666,5802273
4667,5801932
4668,5802073
4669,5800046
4670,5800561
4671,5800944
4672,5800255
4673,5800386
4674,5802376
4675,5801849
4676,5800103
4677,5802426
4678,5801838
4679,5800056
4680,5800319
4681,5800882
4682,5800565
4683,5800655
4684,5801022
4685,5800719
4686,5802304
4687,5802690
4688,5802422
4689,5800392
4690,5800589
4691,5801723
4692,5800287
4693,5802247
4694,5801238
4695,5800821
4696,5801841
4697,5802456
4698,5800699
4699,5802395
4700,5801028
4701,5801362
4702,5800882
4703,5801479
4704,5801017
4705,5802294
4706,5800636
4707,5800476
4708,5801845
4709,5800302
4710,5800880
4711,5800528
4712,5800369
4713,5800804
4714,5801753
4715,5800618
4716,5800289
4717,5800545
4718,5802204
4719,5801314
4720,5801478
4721,5802365
4722,5800867
4723,5800852
4724,5800798
4725,5800718
4726,5800763
4727,5800501
4728,5200566
4729,5802681
4730,5802645
4731,5802318
4732,5800292
4733,5801898
4734,5802343
4735,5800962
4736,5801901
4737,5800491
4738,5801232
4739,5801874
4740,5801797
4741,5802457
4742,5800033
4743,5800440
4744,5802368
4745,5801235
4746,5800304
4747,5801440
4748,5801147
4749,5800288
4750,5800153
4751,5801882
4752,5802252
4753,5801354
4754,5801903
4755,5800567
4756,5800268
4757,5801041
4758,5800317
4759,5802290
4760,5800586
4761,5801303
4762,5800574
4763,5800244
4764,5800529
4765,5801823
4766,5800285
4767,5800335
4768,5802222
4769,5801048
4770,5801193
4771,5801651
4772,5800847
4773,5801839
4774,5800893
4775,5802398
4776,5801342
4777,5802314
4778,5802325
4779,5801843
4780,5801311
4781,5800579
4782,5801858
4783,5802254
4784,5800608
4785,5801623
4786,5802078
4787,5802323
4788,5801438
4789,5802220
4790,5800913
4791,5802014
4792,5800390
4793,5801634
4794,5802236
4795,5801306
4796,5802340
4797,5801152
4798,5801600
4799,5800488
4800,5801050
4801,5800669
4802,5800874
4803,5800892
4804,5801713
4805,5800838
4806,5802372
4807,5802071
4808,5800310
4809,5800606
4810,5800250
4811,5800071
4812,5801722
4813,5800348
4814,5801800
4815,5800766
4816,5802020
4817,5802058
4818,5800394
4819,5801380
4820,5800811
4821,5800395
4822,5801700
4823,5800298
4824,5802382
4825,5801826
4826,5800894
4827,5800352
4828,5801740
4829,5802233
4830,5801525
4831,5800312
4832,5801436
4833,5802030
4834,5802136
4835,5802141
4836,5801307
4837,5800370
4838,5801149
4839,5800830
4840,5800040
4841,5802126
4842,5802672
4843,5802299
4844,5800377
4845,5800930
4846,5802245
4847,5802225
4848,5800328
4849,5801918
4850,5801876
4851,5801690
4852,5801339
4853,5802366
4854,5801300
4855,5800552
4856,5801646
4857,5800190
4858,5802128
4859,5801329
4860,5800269
4861,5802642
4862,5800904
4863,5801734
4864,5802283
4865,5800343
4866,5802683
4867,5802140
4868,5802248
4869,5800296
4870,5800534
4871,5802122
4872,5801239
4873,5800433
4874,5802311
4875,5800592
4876,5800778
4877,5800379
4878,5802308
4879,5800883
4880,5801642
4881,5800576
4882,5801229
4883,5800116
4884,5800157
4885,5801338
4886,5800796
4887,5800746
4888,5800376
4889,5802115
4890,5801237
4891,5802377
4892,5802233
4893,5802067
4894,5802310
4895,5802472
4896,5800254
4897,5802367
4898,5800887
4899,5800744
4900,5802051
4901,5802670
4902,5802332
4903,5801709
4904,5800531
4905,5801013
4906,5800199
4907,5802393
4908,5800888
4909,5800760
4910,5801847
4911,5800420
4912,5800338
4913,5800976
4914,5800052
4915,5802034
4916,5800516
4917,5802235
4918,5802025
4919,5801573
4920,5802262
4921,5802410
4922,5800323
4923,5801316
4924,5802118
4925,5800327
4926,5801194
4927,5802407
4928,5802052
4929,5800829
4930,5800743
4931,5802379
4932,5802679
4933,5802630
4934,5800792
4935,5801360
4936,5800358
4937,5801890
4938,5801752
4939,5800638
4940,5801686
4941,5801741
4942,5800793
4943,5801720
4944,5802428
4945,5801530
4946,5800344
4947,5800600
4948,5802272
4949,5801476
4950,5801834
4951,5801144
4952,5801043
4953,5802454
4954,5800968
4955,5802230
4956,5800114
4957,5800384
4958,5800584
4959,5802216
4960,5802237
4961,5802253
4962,5800918
4963,5800246
4964,5800231
4965,5800387
4966,5802217
4967,5800981
4968,5802271
4969,5800277
4970,5801447
4971,5802139
4972,5801760
4973,5800360
4974,5802315
4975,5800027
4976,5800193
4977,5800359
4978,5801910
4979,5800911
4980,5800329
4981,5800587
4982,5800874
4983,5802065
4984,5800510
4985,5800958
4986,5800668
4987,5802669
4988,5802056
4989,5800884
4990,5800869
4991,5800773
4992,5800245
4993,5802298
4994,5800916
4995,5800169
4996,5800802
4997,5802300
4998,5800252
4999,5800517
5000,5800514
5001,5800979
5002,5802306
5003,5802239
5004,5200689
5005,5200866
5006,5801940
5007,5800417
5008,5802211
5009,5802146
5010,5200749
5011,5802227
5012,5802027
5013,5200868
5014,5200895
5015,5200590
5016,5801640
5017,5800479
5018,5801742
5019,5200730
5020,5801015
5021,5800041
5022,5200585
5023,5800149
5024,5802013
5025,5801737
5026,5802302
5027,5802324
5028,5802432
5029,5802644
5030,5800844
5031,5200589
5032,5800568
5033,5800853
5034,5802424
5035,5802278
5036,5800822
5037,5800893
5038,5801358
5039,5200757
5040,5800640
5041,5200797
5042,5200700
5043,5802024
5044,5800996
5045,5802028
5046,5801200
5047,5801785
5048,5200577
5049,5200747
5050,5802264
5051,5800530
5052,5200732
5053,5801644
5054,5800165
5055,5800188
5056,5801688
5057,5800494
5058,5802219
5059,5200667
5060,5802208
5061,400694
5062,5802556
5063,5800885
5064,5200878
5065,5800973
5066,5802696
5067,400010
5068,400039
5069,5200772
5070,200912
5071,5802117
5072,5802387
5073,5800297
5074,5800034
5075,5200454
5076,5200692
5077,5200710
5078,200588
5079,5801747
5080,5801705
5081,5802240
5082,5802044
5083,5200695
5084,5800581
5085,5800824
5086,5800823
5087,5800915
5088,5802040
5089,5802110
5090,5802150
5091,5200579
5092,5800871
5093,5802474
5094,5200756
5095,5802404
5096,5802221
5097,5800843
5098,5802807
5099,5801846
5100,5200756
5101,900086
5102,5802134
5103,5802445
5104,5000179
5105,5802419
5106,400046
5107,400099
5108,5200693
5109,5200831
5110,5800897
5111,5800030
5112,5200582
5113,5801641
5114,5802280
5115,5802050
5116,5200872
5117,5801340
5118,5801049
5119,5801748
5120,5802050
5121,5801878
5122,5800017
5123,5801656
5124,5802400
5125,5802270
5126,5800905
5127,5800748
5128,5800509
5129,400360
5130,5802041
5131,5200789
5132,5801630
5133,400107
5134,5802275
5135,5801592
5136,5200609
5137,5200891
5138,5200737
5139,400725
5140,5801592
5141,5802215
5142,5800471
5143,5801833
5144,5800478
5145,5802037
5146,5800845
5147,5200740
5148,5800497
5149,5800542
5150,5802199
5151,5800890
5152,5200736
5153,5200799
5154,5800851
5155,5800434
5156,5200775
5157,5200768
5158,5800022
5159,400040
5160,5200768
5161,5800554
5162,5802626
5163,5802135
5164,5800985
5165,5800458
5166,5802279
5167,5801593
5168,5200727
5169,400196
5170,5800378
5171,5200790
5172,5802069
5173,5800914
5174,5802019
5175,400379
5176,5800967
5177,5200759
5178,400653
5179,5800455
5180,5200865
5181,400356
5182,5800042
5183,5802553
5184,5200861
5185,400012
5186,5801759
5187,5801835
5188,5802309
5189,5802120
5190,5802301
5191,5200132
5192,5201859
5193,5201866
5194,5202017
5195,5200079
5196,5201100
5197,5202004
5198,5202037
5199,5201868
5200,400999
5201,5202041
5202,5200216
5203,5202013
5204,5201853
5205,5202002
5206,5201945
5207,5200291
5208,5201993
5209,5201995
5210,5201946
5211,5202006
5212,5202038
5213,5201149
5214,5202026
5215,5202016
5216,5200139
5217,5200292
5218,5200284
5219,5202203
5220,5202030
5221,5202224
5222,5202145
5223,5202205
5224,5200226
5225,5200221
5226,5200140
5227,5202025
5228,5200228
5229,5201912
5230,5200223
5231,5201857
5232,5201921
5233,5202144
5234,5201944
5235,5202021
5236,5202023
5237,5201930
5238,5801749
5239,5200265
5240,400988
5241,5201856
5242,5800259
5243,5202001
5244,5201941
5245,5200129
5246,5201913
5247,5201937
5248,5200222
5249,5201926
5250,5201854
5251,5201948
5252,5200229
5253,400968
5254,5201933
5255,5201134
5256,5200229
